[
  {
    "model": "l1o.division",
    "pk": 1,
    "fields": {
      "name": "Men's Premier Division"
    }
  },
  {
    "model": "l1o.division",
    "pk": 2,
    "fields": {
      "name": "Women's Premier Division"
    }
  },
  {
    "model": "l1o.team",
    "pk": 1,
    "fields": {
      "name": "Vaughan Azzurri",
      "points_in_2022": 57,
      "division": 1
    }
  },
  {
    "model": "l1o.team",
    "pk": 2,
    "fields": { "name": "Blue Devils FC", "points_in_2022": 47, "division": 1 }
  },
  {
    "model": "l1o.team",
    "pk": 3,
    "fields": {
      "name": "Alliance United FC",
      "points_in_2022": 45,
      "division": 1
    }
  },
  {
    "model": "l1o.team",
    "pk": 4,
    "fields": {
      "name": "North Toronto Nitros",
      "points_in_2022": 44,
      "division": 1
    }
  },
  {
    "model": "l1o.team",
    "pk": 5,
    "fields": {
      "name": "Simcoe County Rovers FC",
      "points_in_2022": 44,
      "division": 1
    }
  },
  {
    "model": "l1o.team",
    "pk": 6,
    "fields": { "name": "ProStars FC", "points_in_2022": 43, "division": 1 }
  },
  {
    "model": "l1o.team",
    "pk": 7,
    "fields": { "name": "Guelph United", "points_in_2022": 42, "division": 1 }
  },
  {
    "model": "l1o.team",
    "pk": 8,
    "fields": { "name": "Sigma FC", "points_in_2022": 31, "division": 1 }
  },
  {
    "model": "l1o.team",
    "pk": 9,
    "fields": { "name": "Hamilton United", "points_in_2022": 31, "division": 1 }
  },
  {
    "model": "l1o.team",
    "pk": 10,
    "fields": {
      "name": "Electric City FC",
      "points_in_2022": 30,
      "division": 1
    }
  },
  {
    "model": "l1o.team",
    "pk": 11,
    "fields": {
      "name": "Woodbridge Strikers",
      "points_in_2022": 29,
      "division": 1
    }
  },
  {
    "model": "l1o.team",
    "pk": 12,
    "fields": { "name": "Scrosoppi FC", "points_in_2022": 28, "division": 1 }
  },
  {
    "model": "l1o.team",
    "pk": 13,
    "fields": { "name": "Darby FC", "points_in_2022": 25, "division": 1 }
  },
  {
    "model": "l1o.team",
    "pk": 14,
    "fields": { "name": "Pickering FC", "points_in_2022": 23, "division": 1 }
  },
  {
    "model": "l1o.team",
    "pk": 15,
    "fields": { "name": "BVB IA Waterloo", "points_in_2022": 22, "division": 1 }
  },
  {
    "model": "l1o.team",
    "pk": 16,
    "fields": {
      "name": "St. Catharines Roma",
      "points_in_2022": 20,
      "division": 1
    }
  },
  {
    "model": "l1o.team",
    "pk": 17,
    "fields": { "name": "Burlington SC", "points_in_2022": 19, "division": 1 }
  },
  {
    "model": "l1o.team",
    "pk": 18,
    "fields": { "name": "Windsor City FC", "points_in_2022": 18, "division": 1 }
  },
  {
    "model": "l1o.team",
    "pk": 19,
    "fields": { "name": "Master's FA", "points_in_2022": 17, "division": 1 }
  },
  {
    "model": "l1o.team",
    "pk": 20,
    "fields": {
      "name": "Unionville Milliken S.C.",
      "points_in_2022": 14,
      "division": 1
    }
  },
  {
    "model": "l1o.team",
    "pk": 21,
    "fields": {
      "name": "North Mississauga SC",
      "points_in_2022": 14,
      "division": 1
    }
  },
  {
    "model": "l1o.team",
    "pk": 22,
    "fields": { "name": "FC London", "points_in_2022": 10, "division": 1 }
  },
  {
    "model": "l1o.team",
    "pk": 23,
    "fields": { "name": "Vaughan Azzurri", "points_in_2022": 48, "division": 2 }
  },
  {
    "model": "l1o.team",
    "pk": 24,
    "fields": { "name": "NDC-Ontario", "points_in_2022": 46, "division": 2 }
  },
  {
    "model": "l1o.team",
    "pk": 25,
    "fields": {
      "name": "Woodbridge Strikers",
      "points_in_2022": 42,
      "division": 2
    }
  },
  {
    "model": "l1o.team",
    "pk": 26,
    "fields": { "name": "FC London", "points_in_2022": 41, "division": 2 }
  },
  {
    "model": "l1o.team",
    "pk": 27,
    "fields": { "name": "Simcoe County", "points_in_2022": 41, "division": 2 }
  },
  {
    "model": "l1o.team",
    "pk": 28,
    "fields": {
      "name": "Alliance United FC",
      "points_in_2022": 37,
      "division": 2
    }
  },
  {
    "model": "l1o.team",
    "pk": 29,
    "fields": {
      "name": "North Toronto Nitros",
      "points_in_2022": 36,
      "division": 2
    }
  },
  {
    "model": "l1o.team",
    "pk": 30,
    "fields": {
      "name": "Electric City FC",
      "points_in_2022": 32,
      "division": 2
    }
  },
  {
    "model": "l1o.team",
    "pk": 31,
    "fields": {
      "name": "North Mississauga SC",
      "points_in_2022": 28,
      "division": 2
    }
  },
  {
    "model": "l1o.team",
    "pk": 32,
    "fields": { "name": "Darby FC", "points_in_2022": 27, "division": 2 }
  },
  {
    "model": "l1o.team",
    "pk": 33,
    "fields": { "name": "Tecumseh SC", "points_in_2022": 25, "division": 2 }
  },
  {
    "model": "l1o.team",
    "pk": 34,
    "fields": {
      "name": "St. Catharines Roma",
      "points_in_2022": 25,
      "division": 2
    }
  },
  {
    "model": "l1o.team",
    "pk": 35,
    "fields": { "name": "Guelph Union", "points_in_2022": 24, "division": 2 }
  },
  {
    "model": "l1o.team",
    "pk": 36,
    "fields": {
      "name": "Unionville Milliken SC",
      "points_in_2022": 22,
      "division": 2
    }
  },
  {
    "model": "l1o.team",
    "pk": 37,
    "fields": { "name": "Blue Devils FC", "points_in_2022": 19, "division": 2 }
  },
  {
    "model": "l1o.team",
    "pk": 38,
    "fields": { "name": "BVB IA Waterloo", "points_in_2022": 15, "division": 2 }
  },
  {
    "model": "l1o.team",
    "pk": 39,
    "fields": { "name": "Pickering FC", "points_in_2022": 12, "division": 2 }
  },
  {
    "model": "l1o.team",
    "pk": 40,
    "fields": { "name": "Hamilton United", "points_in_2022": 10, "division": 2 }
  },
  {
    "model": "l1o.team",
    "pk": 41,
    "fields": { "name": "ProStars FC", "points_in_2022": 6, "division": 2 }
  },
  {
    "model": "l1o.team",
    "pk": 42,
    "fields": { "name": "Burlington SC", "points_in_2022": 3, "division": 2 }
  },
  {
    "model": "l1o.match",
    "pk": 4,
    "fields": {
      "home_team": 1,
      "away_team": 4,
      "division": 1,
      "home_score": 2,
      "away_score": 2,
      "e2e_id": 1,
      "scheduled_time": "2023-04-12T20:00:00Z"
    }
  },
  {
    "model": "l1o.match",
    "pk": 5,
    "fields": {
      "home_team": 21,
      "away_team": 17,
      "division": 1,
      "home_score": 0,
      "away_score": 3,
      "e2e_id": 2,
      "scheduled_time": "2023-04-14T20:00:00Z"
    }
  },
  {
    "model": "l1o.match",
    "pk": 6,
    "fields": {
      "home_team": 9,
      "away_team": 8,
      "division": 1,
      "home_score": 3,
      "away_score": 5,
      "e2e_id": 3,
      "scheduled_time": "2023-04-15T12:00:00Z"
    }
  },
  {
    "model": "l1o.match",
    "pk": 7,
    "fields": {
      "home_team": 10,
      "away_team": 12,
      "division": 1,
      "home_score": 0,
      "away_score": 1,
      "e2e_id": 4,
      "scheduled_time": "2023-04-15T14:00:00Z"
    }
  },
  {
    "model": "l1o.match",
    "pk": 8,
    "fields": {
      "home_team": 13,
      "away_team": 11,
      "division": 1,
      "home_score": 3,
      "away_score": 0,
      "e2e_id": 6,
      "scheduled_time": "2023-04-15T15:00:00Z"
    }
  },
  {
    "model": "l1o.match",
    "pk": 9,
    "fields": {
      "home_team": 3,
      "away_team": 16,
      "division": 1,
      "home_score": 3,
      "away_score": 0,
      "e2e_id": 5,
      "scheduled_time": "2023-04-15T18:00:00Z"
    }
  },
  {
    "model": "l1o.match",
    "pk": 10,
    "fields": {
      "home_team": 20,
      "away_team": 18,
      "division": 1,
      "home_score": 0,
      "away_score": 3,
      "e2e_id": 7,
      "scheduled_time": "2023-04-16T15:00:00Z"
    }
  },
  {
    "model": "l1o.match",
    "pk": 11,
    "fields": {
      "home_team": 2,
      "away_team": 7,
      "division": 1,
      "home_score": 2,
      "away_score": 2,
      "e2e_id": 8,
      "scheduled_time": "2023-04-16T16:00:00Z"
    }
  },
  {
    "model": "l1o.match",
    "pk": 12,
    "fields": {
      "home_team": 15,
      "away_team": 5,
      "division": 1,
      "home_score": 1,
      "away_score": 3,
      "e2e_id": 9,
      "scheduled_time": "2023-04-16T18:00:00Z"
    }
  },
  {
    "model": "l1o.match",
    "pk": 13,
    "fields": {
      "home_team": 6,
      "away_team": 19,
      "division": 1,
      "home_score": 2,
      "away_score": 0,
      "e2e_id": 10,
      "scheduled_time": "2023-04-16T21:00:00Z"
    }
  },
  {
    "model": "l1o.match",
    "pk": 14,
    "fields": {
      "home_team": 9,
      "away_team": 13,
      "division": 1,
      "home_score": 1,
      "away_score": 2,
      "e2e_id": 11,
      "scheduled_time": "2023-04-20T20:30:00Z"
    }
  },
  {
    "model": "l1o.match",
    "pk": 15,
    "fields": {
      "home_team": 7,
      "away_team": 3,
      "division": 1,
      "home_score": 0,
      "away_score": 0,
      "e2e_id": 12,
      "scheduled_time": "2023-04-21T20:00:00Z"
    }
  },
  {
    "model": "l1o.match",
    "pk": 16,
    "fields": {
      "home_team": 21,
      "away_team": 11,
      "division": 1,
      "home_score": 1,
      "away_score": 1,
      "e2e_id": 13,
      "scheduled_time": "2023-04-21T20:00:00Z"
    }
  },
  {
    "model": "l1o.match",
    "pk": 17,
    "fields": {
      "home_team": 8,
      "away_team": 6,
      "division": 1,
      "home_score": 4,
      "away_score": 1,
      "e2e_id": 16,
      "scheduled_time": "2023-04-22T12:00:00Z"
    }
  },
  {
    "model": "l1o.match",
    "pk": 18,
    "fields": {
      "home_team": 10,
      "away_team": 4,
      "division": 1,
      "home_score": 2,
      "away_score": 0,
      "e2e_id": 18,
      "scheduled_time": "2023-04-22T14:00:00Z"
    }
  },
  {
    "model": "l1o.match",
    "pk": 19,
    "fields": {
      "home_team": 12,
      "away_team": 1,
      "division": 1,
      "home_score": 0,
      "away_score": 2,
      "e2e_id": 20,
      "scheduled_time": "2023-04-22T18:00:00Z"
    }
  },
  {
    "model": "l1o.match",
    "pk": 20,
    "fields": {
      "home_team": 5,
      "away_team": 19,
      "division": 1,
      "home_score": 6,
      "away_score": 0,
      "e2e_id": 22,
      "scheduled_time": "2023-04-22T18:30:00Z"
    }
  },
  {
    "model": "l1o.match",
    "pk": 21,
    "fields": {
      "home_team": 2,
      "away_team": 18,
      "division": 1,
      "home_score": 4,
      "away_score": 0,
      "e2e_id": 26,
      "scheduled_time": "2023-04-23T16:00:00Z"
    }
  },
  {
    "model": "l1o.match",
    "pk": 22,
    "fields": {
      "home_team": 17,
      "away_team": 20,
      "division": 1,
      "home_score": 2,
      "away_score": 0,
      "e2e_id": 382,
      "scheduled_time": "2023-04-23T16:00:00Z"
    }
  },
  {
    "model": "l1o.match",
    "pk": 23,
    "fields": {
      "home_team": 16,
      "away_team": 22,
      "division": 1,
      "home_score": 2,
      "away_score": 1,
      "e2e_id": 27,
      "scheduled_time": "2023-04-23T19:00:00Z"
    }
  },
  {
    "model": "l1o.match",
    "pk": 24,
    "fields": {
      "home_team": 9,
      "away_team": 1,
      "division": 1,
      "home_score": 0,
      "away_score": 0,
      "e2e_id": 30,
      "scheduled_time": "2023-04-26T20:00:00Z"
    }
  },
  {
    "model": "l1o.match",
    "pk": 25,
    "fields": {
      "home_team": 7,
      "away_team": 22,
      "division": 1,
      "home_score": 2,
      "away_score": 0,
      "e2e_id": 32,
      "scheduled_time": "2023-04-27T20:00:00Z"
    }
  },
  {
    "model": "l1o.match",
    "pk": 26,
    "fields": {
      "home_team": 13,
      "away_team": 12,
      "division": 1,
      "home_score": 1,
      "away_score": 2,
      "e2e_id": 35,
      "scheduled_time": "2023-04-28T20:00:00Z"
    }
  },
  {
    "model": "l1o.match",
    "pk": 27,
    "fields": {
      "home_team": 19,
      "away_team": 2,
      "division": 1,
      "home_score": 1,
      "away_score": 2,
      "e2e_id": 39,
      "scheduled_time": "2023-04-29T20:00:00Z"
    }
  },
  {
    "model": "l1o.match",
    "pk": 28,
    "fields": {
      "home_team": 20,
      "away_team": 8,
      "division": 1,
      "home_score": 2,
      "away_score": 2,
      "e2e_id": 40,
      "scheduled_time": "2023-04-29T21:00:00Z"
    }
  },
  {
    "model": "l1o.match",
    "pk": 29,
    "fields": {
      "home_team": 18,
      "away_team": 16,
      "division": 1,
      "home_score": 6,
      "away_score": 1,
      "e2e_id": 43,
      "scheduled_time": "2023-04-30T16:00:00Z"
    }
  },
  {
    "model": "l1o.match",
    "pk": 30,
    "fields": {
      "home_team": 15,
      "away_team": 3,
      "division": 1,
      "home_score": 0,
      "away_score": 6,
      "e2e_id": 46,
      "scheduled_time": "2023-04-30T18:00:00Z"
    }
  },
  {
    "model": "l1o.match",
    "pk": 31,
    "fields": {
      "home_team": 5,
      "away_team": 11,
      "division": 1,
      "home_score": 1,
      "away_score": 3,
      "e2e_id": 47,
      "scheduled_time": "2023-04-30T18:30:00Z"
    }
  },
  {
    "model": "l1o.match",
    "pk": 32,
    "fields": {
      "home_team": 17,
      "away_team": 10,
      "division": 1,
      "home_score": 2,
      "away_score": 0,
      "e2e_id": 48,
      "scheduled_time": "2023-04-30T20:00:00Z"
    }
  },
  {
    "model": "l1o.match",
    "pk": 33,
    "fields": {
      "home_team": 21,
      "away_team": 4,
      "division": 1,
      "home_score": 0,
      "away_score": 3,
      "e2e_id": 33,
      "scheduled_time": "2023-05-02T21:00:00Z"
    }
  },
  {
    "model": "l1o.match",
    "pk": 43,
    "fields": {
      "home_team": 11,
      "away_team": 20,
      "division": 1,
      "home_score": 3,
      "away_score": 0,
      "e2e_id": 51,
      "scheduled_time": "2023-05-03T21:00:00Z"
    }
  },
  {
    "model": "l1o.match",
    "pk": 44,
    "fields": {
      "home_team": 21,
      "away_team": 9,
      "division": 1,
      "home_score": 2,
      "away_score": 3,
      "e2e_id": 53,
      "scheduled_time": "2023-05-05T20:00:00Z"
    }
  },
  {
    "model": "l1o.match",
    "pk": 45,
    "fields": {
      "home_team": 16,
      "away_team": 15,
      "division": 1,
      "home_score": 0,
      "away_score": 1,
      "e2e_id": 54,
      "scheduled_time": "2023-05-05T21:00:00Z"
    }
  },
  {
    "model": "l1o.match",
    "pk": 46,
    "fields": {
      "home_team": 8,
      "away_team": 5,
      "division": 1,
      "home_score": 2,
      "away_score": 0,
      "e2e_id": 383,
      "scheduled_time": "2023-05-06T13:00:00Z"
    }
  },
  {
    "model": "l1o.match",
    "pk": 47,
    "fields": {
      "home_team": 6,
      "away_team": 20,
      "division": 1,
      "home_score": 3,
      "away_score": 1,
      "e2e_id": 61,
      "scheduled_time": "2023-05-06T19:00:00Z"
    }
  },
  {
    "model": "l1o.match",
    "pk": 48,
    "fields": {
      "home_team": 4,
      "away_team": 22,
      "division": 1,
      "home_score": 2,
      "away_score": 1,
      "e2e_id": 64,
      "scheduled_time": "2023-05-06T20:00:00Z"
    }
  },
  {
    "model": "l1o.match",
    "pk": 49,
    "fields": {
      "home_team": 19,
      "away_team": 11,
      "division": 1,
      "home_score": 0,
      "away_score": 0,
      "e2e_id": 63,
      "scheduled_time": "2023-05-06T20:00:00Z"
    }
  },
  {
    "model": "l1o.match",
    "pk": 50,
    "fields": {
      "home_team": 2,
      "away_team": 17,
      "division": 1,
      "home_score": 3,
      "away_score": 0,
      "e2e_id": 67,
      "scheduled_time": "2023-05-07T16:00:00Z"
    }
  },
  {
    "model": "l1o.match",
    "pk": 51,
    "fields": {
      "home_team": 18,
      "away_team": 3,
      "division": 1,
      "home_score": 0,
      "away_score": 3,
      "e2e_id": 62,
      "scheduled_time": "2023-05-07T16:00:00Z"
    }
  },
  {
    "model": "l1o.match",
    "pk": 52,
    "fields": {
      "home_team": 1,
      "away_team": 13,
      "division": 1,
      "home_score": 3,
      "away_score": 1,
      "e2e_id": 70,
      "scheduled_time": "2023-05-07T20:15:00Z"
    }
  },
  {
    "model": "l1o.match",
    "pk": 53,
    "fields": {
      "home_team": 10,
      "away_team": 8,
      "division": 1,
      "home_score": 2,
      "away_score": 1,
      "e2e_id": 72,
      "scheduled_time": "2023-05-09T19:30:00Z"
    }
  },
  {
    "model": "l1o.match",
    "pk": 54,
    "fields": {
      "home_team": 13,
      "away_team": 17,
      "division": 1,
      "home_score": 1,
      "away_score": 2,
      "e2e_id": 77,
      "scheduled_time": "2023-05-12T20:00:00Z"
    }
  },
  {
    "model": "l1o.match",
    "pk": 55,
    "fields": {
      "home_team": 10,
      "away_team": 19,
      "division": 1,
      "home_score": 2,
      "away_score": 0,
      "e2e_id": 80,
      "scheduled_time": "2023-05-13T12:00:00Z"
    }
  },
  {
    "model": "l1o.match",
    "pk": 56,
    "fields": {
      "home_team": 16,
      "away_team": 8,
      "division": 1,
      "home_score": 3,
      "away_score": 4,
      "e2e_id": 79,
      "scheduled_time": "2023-05-13T16:00:00Z"
    }
  },
  {
    "model": "l1o.match",
    "pk": 57,
    "fields": {
      "home_team": 21,
      "away_team": 18,
      "division": 1,
      "home_score": 2,
      "away_score": 1,
      "e2e_id": 84,
      "scheduled_time": "2023-05-13T19:00:00Z"
    }
  },
  {
    "model": "l1o.match",
    "pk": 58,
    "fields": {
      "home_team": 22,
      "away_team": 5,
      "division": 1,
      "home_score": 1,
      "away_score": 1,
      "e2e_id": 88,
      "scheduled_time": "2023-05-13T20:30:00Z"
    }
  },
  {
    "model": "l1o.match",
    "pk": 59,
    "fields": {
      "home_team": 12,
      "away_team": 11,
      "division": 1,
      "home_score": 4,
      "away_score": 0,
      "e2e_id": 89,
      "scheduled_time": "2023-05-13T21:00:00Z"
    }
  },
  {
    "model": "l1o.match",
    "pk": 60,
    "fields": {
      "home_team": 15,
      "away_team": 6,
      "division": 1,
      "home_score": 2,
      "away_score": 4,
      "e2e_id": 92,
      "scheduled_time": "2023-05-14T18:00:00Z"
    }
  },
  {
    "model": "l1o.match",
    "pk": 61,
    "fields": {
      "home_team": 3,
      "away_team": 2,
      "division": 1,
      "home_score": 0,
      "away_score": 0,
      "e2e_id": 85,
      "scheduled_time": "2023-05-14T20:30:00Z"
    }
  },
  {
    "model": "l1o.match",
    "pk": 62,
    "fields": {
      "home_team": 20,
      "away_team": 7,
      "division": 1,
      "home_score": 0,
      "away_score": 4,
      "e2e_id": 86,
      "scheduled_time": "2023-05-14T21:00:00Z"
    }
  },
  {
    "model": "l1o.match",
    "pk": 63,
    "fields": {
      "home_team": 9,
      "away_team": 4,
      "division": 1,
      "home_score": 1,
      "away_score": 3,
      "e2e_id": 97,
      "scheduled_time": "2023-05-17T20:00:00Z"
    }
  },
  {
    "model": "l1o.match",
    "pk": 64,
    "fields": {
      "home_team": 6,
      "away_team": 5,
      "division": 1,
      "home_score": 0,
      "away_score": 5,
      "e2e_id": 103,
      "scheduled_time": "2023-05-19T20:00:00Z"
    }
  },
  {
    "model": "l1o.match",
    "pk": 65,
    "fields": {
      "home_team": 9,
      "away_team": 22,
      "division": 1,
      "home_score": 1,
      "away_score": 1,
      "e2e_id": 102,
      "scheduled_time": "2023-05-20T19:00:00Z"
    }
  },
  {
    "model": "l1o.match",
    "pk": 66,
    "fields": {
      "home_team": 20,
      "away_team": 21,
      "division": 1,
      "home_score": 1,
      "away_score": 2,
      "e2e_id": 104,
      "scheduled_time": "2023-05-20T21:00:00Z"
    }
  },
  {
    "model": "l1o.match",
    "pk": 67,
    "fields": {
      "home_team": 17,
      "away_team": 19,
      "division": 1,
      "home_score": 2,
      "away_score": 1,
      "e2e_id": 110,
      "scheduled_time": "2023-05-21T16:00:00Z"
    }
  },
  {
    "model": "l1o.match",
    "pk": 68,
    "fields": {
      "home_team": 2,
      "away_team": 13,
      "division": 1,
      "home_score": 5,
      "away_score": 0,
      "e2e_id": 108,
      "scheduled_time": "2023-05-21T16:00:00Z"
    }
  },
  {
    "model": "l1o.match",
    "pk": 69,
    "fields": {
      "home_team": 18,
      "away_team": 8,
      "division": 1,
      "home_score": 1,
      "away_score": 4,
      "e2e_id": 109,
      "scheduled_time": "2023-05-21T16:00:00Z"
    }
  },
  {
    "model": "l1o.match",
    "pk": 70,
    "fields": {
      "home_team": 11,
      "away_team": 15,
      "division": 1,
      "home_score": 3,
      "away_score": 2,
      "e2e_id": 111,
      "scheduled_time": "2023-05-21T19:00:00Z"
    }
  },
  {
    "model": "l1o.match",
    "pk": 71,
    "fields": {
      "home_team": 3,
      "away_team": 12,
      "division": 1,
      "home_score": 1,
      "away_score": 2,
      "e2e_id": 101,
      "scheduled_time": "2023-05-21T20:30:00Z"
    }
  },
  {
    "model": "l1o.match",
    "pk": 72,
    "fields": {
      "home_team": 7,
      "away_team": 4,
      "division": 1,
      "home_score": 4,
      "away_score": 3,
      "e2e_id": 114,
      "scheduled_time": "2023-05-23T21:00:00Z"
    }
  },
  {
    "model": "l1o.match",
    "pk": 73,
    "fields": {
      "home_team": 20,
      "away_team": 9,
      "division": 1,
      "home_score": 0,
      "away_score": 1,
      "e2e_id": 118,
      "scheduled_time": "2023-05-24T21:00:00Z"
    }
  },
  {
    "model": "l1o.match",
    "pk": 74,
    "fields": {
      "home_team": 21,
      "away_team": 12,
      "division": 1,
      "home_score": 0,
      "away_score": 4,
      "e2e_id": 120,
      "scheduled_time": "2023-05-26T20:00:00Z"
    }
  },
  {
    "model": "l1o.match",
    "pk": 75,
    "fields": {
      "home_team": 16,
      "away_team": 10,
      "division": 1,
      "home_score": 1,
      "away_score": 4,
      "e2e_id": 121,
      "scheduled_time": "2023-05-26T20:45:00Z"
    }
  },
  {
    "model": "l1o.match",
    "pk": 76,
    "fields": {
      "home_team": 4,
      "away_team": 13,
      "division": 1,
      "home_score": 2,
      "away_score": 1,
      "e2e_id": 128,
      "scheduled_time": "2023-05-27T20:00:00Z"
    }
  },
  {
    "model": "l1o.match",
    "pk": 77,
    "fields": {
      "home_team": 19,
      "away_team": 3,
      "division": 1,
      "home_score": 2,
      "away_score": 3,
      "e2e_id": 127,
      "scheduled_time": "2023-05-27T20:00:00Z"
    }
  },
  {
    "model": "l1o.match",
    "pk": 78,
    "fields": {
      "home_team": 22,
      "away_team": 20,
      "division": 1,
      "home_score": 3,
      "away_score": 1,
      "e2e_id": 126,
      "scheduled_time": "2023-05-27T20:00:00Z"
    }
  },
  {
    "model": "l1o.match",
    "pk": 79,
    "fields": {
      "home_team": 6,
      "away_team": 17,
      "division": 1,
      "home_score": 4,
      "away_score": 0,
      "e2e_id": 125,
      "scheduled_time": "2023-05-27T20:00:00Z"
    }
  },
  {
    "model": "l1o.match",
    "pk": 80,
    "fields": {
      "home_team": 11,
      "away_team": 1,
      "division": 1,
      "home_score": 0,
      "away_score": 2,
      "e2e_id": 129,
      "scheduled_time": "2023-05-28T14:00:00Z"
    }
  },
  {
    "model": "l1o.match",
    "pk": 81,
    "fields": {
      "home_team": 2,
      "away_team": 8,
      "division": 1,
      "home_score": 3,
      "away_score": 3,
      "e2e_id": 133,
      "scheduled_time": "2023-05-28T16:00:00Z"
    }
  },
  {
    "model": "l1o.match",
    "pk": 82,
    "fields": {
      "home_team": 7,
      "away_team": 15,
      "division": 1,
      "home_score": 6,
      "away_score": 2,
      "e2e_id": 135,
      "scheduled_time": "2023-05-28T17:30:00Z"
    }
  },
  {
    "model": "l1o.match",
    "pk": 83,
    "fields": {
      "home_team": 5,
      "away_team": 9,
      "division": 1,
      "home_score": 2,
      "away_score": 1,
      "e2e_id": 136,
      "scheduled_time": "2023-05-28T18:30:00Z"
    }
  },
  {
    "model": "l1o.match",
    "pk": 84,
    "fields": {
      "home_team": 6,
      "away_team": 12,
      "division": 1,
      "home_score": 2,
      "away_score": 0,
      "e2e_id": 138,
      "scheduled_time": "2023-05-30T19:00:00Z"
    }
  },
  {
    "model": "l1o.match",
    "pk": 85,
    "fields": {
      "home_team": 15,
      "away_team": 10,
      "division": 1,
      "home_score": 0,
      "away_score": 5,
      "e2e_id": 139,
      "scheduled_time": "2023-05-31T20:00:00Z"
    }
  },
  {
    "model": "l1o.match",
    "pk": 86,
    "fields": {
      "home_team": 21,
      "away_team": 7,
      "division": 1,
      "home_score": 1,
      "away_score": 1,
      "e2e_id": 142,
      "scheduled_time": "2023-06-02T20:00:00Z"
    }
  },
  {
    "model": "l1o.match",
    "pk": 87,
    "fields": {
      "home_team": 16,
      "away_team": 12,
      "division": 1,
      "home_score": 1,
      "away_score": 2,
      "e2e_id": 144,
      "scheduled_time": "2023-06-02T20:45:00Z"
    }
  },
  {
    "model": "l1o.match",
    "pk": 88,
    "fields": {
      "home_team": 32,
      "away_team": 33,
      "division": 2,
      "home_score": 1,
      "away_score": 2,
      "e2e_id": 14,
      "scheduled_time": "2023-04-21T20:00:00Z"
    }
  },
  {
    "model": "l1o.match",
    "pk": 89,
    "fields": {
      "home_team": 24,
      "away_team": 34,
      "division": 2,
      "home_score": 3,
      "away_score": 0,
      "e2e_id": 15,
      "scheduled_time": "2023-04-21T21:00:00Z"
    }
  },
  {
    "model": "l1o.match",
    "pk": 90,
    "fields": {
      "home_team": 27,
      "away_team": 35,
      "division": 2,
      "home_score": 5,
      "away_score": 1,
      "e2e_id": 17,
      "scheduled_time": "2023-04-22T14:30:00Z"
    }
  },
  {
    "model": "l1o.match",
    "pk": 91,
    "fields": {
      "home_team": 38,
      "away_team": 26,
      "division": 2,
      "home_score": 2,
      "away_score": 3,
      "e2e_id": 19,
      "scheduled_time": "2023-04-22T16:00:00Z"
    }
  },
  {
    "model": "l1o.match",
    "pk": 92,
    "fields": {
      "home_team": 40,
      "away_team": 30,
      "division": 2,
      "home_score": 0,
      "away_score": 0,
      "e2e_id": 23,
      "scheduled_time": "2023-04-22T20:00:00Z"
    }
  },
  {
    "model": "l1o.match",
    "pk": 93,
    "fields": {
      "home_team": 28,
      "away_team": 25,
      "division": 2,
      "home_score": 3,
      "away_score": 3,
      "e2e_id": 21,
      "scheduled_time": "2023-04-22T21:00:00Z"
    }
  },
  {
    "model": "l1o.match",
    "pk": 94,
    "fields": {
      "home_team": 41,
      "away_team": 31,
      "division": 2,
      "home_score": 3,
      "away_score": 5,
      "e2e_id": 25,
      "scheduled_time": "2023-04-23T15:00:00Z"
    }
  },
  {
    "model": "l1o.match",
    "pk": 95,
    "fields": {
      "home_team": 42,
      "away_team": 29,
      "division": 2,
      "home_score": 0,
      "away_score": 5,
      "e2e_id": 24,
      "scheduled_time": "2023-04-23T20:00:00Z"
    }
  },
  {
    "model": "l1o.match",
    "pk": 96,
    "fields": {
      "home_team": 36,
      "away_team": 23,
      "division": 2,
      "home_score": 0,
      "away_score": 2,
      "e2e_id": 28,
      "scheduled_time": "2023-04-23T20:30:00Z"
    }
  },
  {
    "model": "l1o.match",
    "pk": 97,
    "fields": {
      "home_team": 38,
      "away_team": 34,
      "division": 2,
      "home_score": 4,
      "away_score": 1,
      "e2e_id": 29,
      "scheduled_time": "2023-04-26T20:00:00Z"
    }
  },
  {
    "model": "l1o.match",
    "pk": 98,
    "fields": {
      "home_team": 40,
      "away_team": 24,
      "division": 2,
      "home_score": 0,
      "away_score": 1,
      "e2e_id": 31,
      "scheduled_time": "2023-04-27T20:00:00Z"
    }
  },
  {
    "model": "l1o.match",
    "pk": 99,
    "fields": {
      "home_team": 32,
      "away_team": 36,
      "division": 2,
      "home_score": 1,
      "away_score": 3,
      "e2e_id": 34,
      "scheduled_time": "2023-04-28T20:00:00Z"
    }
  },
  {
    "model": "l1o.match",
    "pk": 100,
    "fields": {
      "home_team": 29,
      "away_team": 30,
      "division": 2,
      "home_score": 5,
      "away_score": 0,
      "e2e_id": 36,
      "scheduled_time": "2023-04-29T14:00:00Z"
    }
  },
  {
    "model": "l1o.match",
    "pk": 101,
    "fields": {
      "home_team": 41,
      "away_team": 35,
      "division": 2,
      "home_score": 0,
      "away_score": 3,
      "e2e_id": 38,
      "scheduled_time": "2023-04-29T18:30:00Z"
    }
  },
  {
    "model": "l1o.match",
    "pk": 102,
    "fields": {
      "home_team": 28,
      "away_team": 26,
      "division": 2,
      "home_score": 2,
      "away_score": 0,
      "e2e_id": 37,
      "scheduled_time": "2023-04-29T19:00:00Z"
    }
  },
  {
    "model": "l1o.match",
    "pk": 103,
    "fields": {
      "home_team": 37,
      "away_team": 31,
      "division": 2,
      "home_score": 0,
      "away_score": 2,
      "e2e_id": 41,
      "scheduled_time": "2023-04-30T14:00:00Z"
    }
  },
  {
    "model": "l1o.match",
    "pk": 104,
    "fields": {
      "home_team": 25,
      "away_team": 33,
      "division": 2,
      "home_score": 1,
      "away_score": 1,
      "e2e_id": 42,
      "scheduled_time": "2023-04-30T15:00:00Z"
    }
  },
  {
    "model": "l1o.match",
    "pk": 105,
    "fields": {
      "home_team": 42,
      "away_team": 38,
      "division": 2,
      "home_score": 1,
      "away_score": 3,
      "e2e_id": 44,
      "scheduled_time": "2023-04-03T16:00:00Z"
    }
  },
  {
    "model": "l1o.match",
    "pk": 106,
    "fields": {
      "home_team": 23,
      "away_team": 34,
      "division": 2,
      "home_score": 2,
      "away_score": 0,
      "e2e_id": 45,
      "scheduled_time": "2023-04-30T17:00:00Z"
    }
  },
  {
    "model": "l1o.match",
    "pk": 107,
    "fields": {
      "home_team": 30,
      "away_team": 31,
      "division": 2,
      "home_score": 1,
      "away_score": 2,
      "e2e_id": 49,
      "scheduled_time": "2023-05-02T19:30:00Z"
    }
  },
  {
    "model": "l1o.match",
    "pk": 108,
    "fields": {
      "home_team": 33,
      "away_team": 26,
      "division": 2,
      "home_score": 2,
      "away_score": 2,
      "e2e_id": 50,
      "scheduled_time": "2023-05-03T20:30:00Z"
    }
  },
  {
    "model": "l1o.match",
    "pk": 109,
    "fields": {
      "home_team": 41,
      "away_team": 23,
      "division": 2,
      "home_score": 0,
      "away_score": 5,
      "e2e_id": 52,
      "scheduled_time": "2023-05-03T20:30:00Z"
    }
  },
  {
    "model": "l1o.match",
    "pk": 110,
    "fields": {
      "home_team": 24,
      "away_team": 27,
      "division": 2,
      "home_score": 2,
      "away_score": 0,
      "e2e_id": 55,
      "scheduled_time": "2023-05-05T21:00:00Z"
    }
  },
  {
    "model": "l1o.match",
    "pk": 111,
    "fields": {
      "home_team": 30,
      "away_team": 35,
      "division": 2,
      "home_score": 1,
      "away_score": 0,
      "e2e_id": 57,
      "scheduled_time": "2023-05-06T14:00:00Z"
    }
  },
  {
    "model": "l1o.match",
    "pk": 112,
    "fields": {
      "home_team": 33,
      "away_team": 29,
      "division": 2,
      "home_score": 1,
      "away_score": 5,
      "e2e_id": 59,
      "scheduled_time": "2023-05-06T17:00:00Z"
    }
  },
  {
    "model": "l1o.match",
    "pk": 113,
    "fields": {
      "home_team": 28,
      "away_team": 36,
      "division": 2,
      "home_score": 2,
      "away_score": 1,
      "e2e_id": 60,
      "scheduled_time": "2023-05-06T18:00:00Z"
    }
  },
  {
    "model": "l1o.match",
    "pk": 114,
    "fields": {
      "home_team": 31,
      "away_team": 38,
      "division": 2,
      "home_score": 1,
      "away_score": 2,
      "e2e_id": 58,
      "scheduled_time": "2023-05-06T18:00:00Z"
    }
  },
  {
    "model": "l1o.match",
    "pk": 115,
    "fields": {
      "home_team": 34,
      "away_team": 37,
      "division": 2,
      "home_score": 2,
      "away_score": 1,
      "e2e_id": 56,
      "scheduled_time": "2023-05-06T20:00:00Z"
    }
  },
  {
    "model": "l1o.match",
    "pk": 116,
    "fields": {
      "home_team": 25,
      "away_team": 42,
      "division": 2,
      "home_score": 3,
      "away_score": 0,
      "e2e_id": 66,
      "scheduled_time": "2023-05-07T15:00:00Z"
    }
  },
  {
    "model": "l1o.match",
    "pk": 117,
    "fields": {
      "home_team": 23,
      "away_team": 40,
      "division": 2,
      "home_score": 6,
      "away_score": 2,
      "e2e_id": 68,
      "scheduled_time": "2023-05-07T16:00:00Z"
    }
  },
  {
    "model": "l1o.match",
    "pk": 118,
    "fields": {
      "home_team": 41,
      "away_team": 32,
      "division": 2,
      "home_score": 2,
      "away_score": 4,
      "e2e_id": 69,
      "scheduled_time": "2023-05-07T19:00:00Z"
    }
  },
  {
    "model": "l1o.match",
    "pk": 119,
    "fields": {
      "home_team": 40,
      "away_team": 29,
      "division": 2,
      "home_score": 1,
      "away_score": 6,
      "e2e_id": 73,
      "scheduled_time": "2023-05-10T20:30:00Z"
    }
  },
  {
    "model": "l1o.match",
    "pk": 120,
    "fields": {
      "home_team": 25,
      "away_team": 24,
      "division": 2,
      "home_score": 0,
      "away_score": 1,
      "e2e_id": 75,
      "scheduled_time": "2023-05-10T21:00:00Z"
    }
  },
  {
    "model": "l1o.match",
    "pk": 121,
    "fields": {
      "home_team": 35,
      "away_team": 24,
      "division": 2,
      "home_score": 0,
      "away_score": 2,
      "e2e_id": 78,
      "scheduled_time": "2023-05-12T20:00:00Z"
    }
  },
  {
    "model": "l1o.match",
    "pk": 122,
    "fields": {
      "home_team": 32,
      "away_team": 42,
      "division": 2,
      "home_score": 1,
      "away_score": 1,
      "e2e_id": 76,
      "scheduled_time": "2023-05-12T20:00:00Z"
    }
  },
  {
    "model": "l1o.match",
    "pk": 123,
    "fields": {
      "home_team": 40,
      "away_team": 31,
      "division": 2,
      "home_score": 1,
      "away_score": 2,
      "e2e_id": 87,
      "scheduled_time": "2023-05-13T12:00:00Z"
    }
  },
  {
    "model": "l1o.match",
    "pk": 124,
    "fields": {
      "home_team": 33,
      "away_team": 34,
      "division": 2,
      "home_score": 0,
      "away_score": 1,
      "e2e_id": 82,
      "scheduled_time": "2023-05-13T19:30:00Z"
    }
  },
  {
    "model": "l1o.match",
    "pk": 125,
    "fields": {
      "home_team": 28,
      "away_team": 29,
      "division": 2,
      "home_score": 1,
      "away_score": 1,
      "e2e_id": 81,
      "scheduled_time": "2023-05-14T15:30:00Z"
    }
  },
  {
    "model": "l1o.match",
    "pk": 126,
    "fields": {
      "home_team": 37,
      "away_team": 41,
      "division": 2,
      "home_score": 4,
      "away_score": 1,
      "e2e_id": 90,
      "scheduled_time": "2023-05-14T16:00:00Z"
    }
  },
  {
    "model": "l1o.match",
    "pk": 127,
    "fields": {
      "home_team": 23,
      "away_team": 27,
      "division": 2,
      "home_score": 1,
      "away_score": 0,
      "e2e_id": 91,
      "scheduled_time": "2023-05-14T17:00:00Z"
    }
  },
  {
    "model": "l1o.match",
    "pk": 128,
    "fields": {
      "home_team": 36,
      "away_team": 38,
      "division": 2,
      "home_score": 0,
      "away_score": 5,
      "e2e_id": 93,
      "scheduled_time": "2023-05-14T18:00:00Z"
    }
  },
  {
    "model": "l1o.match",
    "pk": 129,
    "fields": {
      "home_team": 30,
      "away_team": 41,
      "division": 2,
      "home_score": 4,
      "away_score": 1,
      "e2e_id": 95,
      "scheduled_time": "2023-05-16T19:30:00Z"
    }
  },
  {
    "model": "l1o.match",
    "pk": 130,
    "fields": {
      "home_team": 23,
      "away_team": 37,
      "division": 2,
      "home_score": 1,
      "away_score": 0,
      "e2e_id": 96,
      "scheduled_time": "2023-05-17T20:00:00Z"
    }
  },
  {
    "model": "l1o.match",
    "pk": 131,
    "fields": {
      "home_team": 34,
      "away_team": 29,
      "division": 2,
      "home_score": 1,
      "away_score": 2,
      "e2e_id": 98,
      "scheduled_time": "2023-05-19T20:45:00Z"
    }
  },
  {
    "model": "l1o.match",
    "pk": 132,
    "fields": {
      "home_team": 24,
      "away_team": 38,
      "division": 2,
      "home_score": 1,
      "away_score": 0,
      "e2e_id": 99,
      "scheduled_time": "2023-05-19T21:00:00Z"
    }
  },
  {
    "model": "l1o.match",
    "pk": 133,
    "fields": {
      "home_team": 27,
      "away_team": 28,
      "division": 2,
      "home_score": 0,
      "away_score": 2,
      "e2e_id": 105,
      "scheduled_time": "2023-05-21T14:30:00Z"
    }
  },
  {
    "model": "l1o.match",
    "pk": 134,
    "fields": {
      "home_team": 25,
      "away_team": 37,
      "division": 2,
      "home_score": 0,
      "away_score": 1,
      "e2e_id": 106,
      "scheduled_time": "2023-05-21T15:00:00Z"
    }
  },
  {
    "model": "l1o.match",
    "pk": 135,
    "fields": {
      "home_team": 42,
      "away_team": 40,
      "division": 2,
      "home_score": 0,
      "away_score": 3,
      "e2e_id": 107,
      "scheduled_time": "2023-05-21T20:00:00Z"
    }
  },
  {
    "model": "l1o.match",
    "pk": 136,
    "fields": {
      "home_team": 41,
      "away_team": 33,
      "division": 2,
      "home_score": 0,
      "away_score": 3,
      "e2e_id": 112,
      "scheduled_time": "2023-05-21T20:00:00Z"
    }
  },
  {
    "model": "l1o.match",
    "pk": 137,
    "fields": {
      "home_team": 35,
      "away_team": 36,
      "division": 2,
      "home_score": 2,
      "away_score": 1,
      "e2e_id": 113,
      "scheduled_time": "2023-05-23T19:00:00Z"
    }
  },
  {
    "model": "l1o.match",
    "pk": 138,
    "fields": {
      "home_team": 40,
      "away_team": 27,
      "division": 2,
      "home_score": 0,
      "away_score": 1,
      "e2e_id": 116,
      "scheduled_time": "2023-05-24T20:00:00Z"
    }
  },
  {
    "model": "l1o.match",
    "pk": 139,
    "fields": {
      "home_team": 42,
      "away_team": 23,
      "division": 2,
      "home_score": 0,
      "away_score": 3,
      "e2e_id": 119,
      "scheduled_time": "2023-05-24T20:00:00Z"
    }
  },
  {
    "model": "l1o.match",
    "pk": 140,
    "fields": {
      "home_team": 32,
      "away_team": 26,
      "division": 2,
      "home_score": 1,
      "away_score": 0,
      "e2e_id": 117,
      "scheduled_time": "2023-05-24T20:00:00Z"
    }
  },
  {
    "model": "l1o.match",
    "pk": 141,
    "fields": {
      "home_team": 34,
      "away_team": 25,
      "division": 2,
      "home_score": 2,
      "away_score": 4,
      "e2e_id": 115,
      "scheduled_time": "2023-05-24T20:45:00Z"
    }
  },
  {
    "model": "l1o.match",
    "pk": 142,
    "fields": {
      "home_team": 30,
      "away_team": 25,
      "division": 2,
      "home_score": 0,
      "away_score": 1,
      "e2e_id": 122,
      "scheduled_time": "2023-05-27T14:00:00Z"
    }
  },
  {
    "model": "l1o.match",
    "pk": 143,
    "fields": {
      "home_team": 26,
      "away_team": 34,
      "division": 2,
      "home_score": 2,
      "away_score": 0,
      "e2e_id": 123,
      "scheduled_time": "2023-05-27T16:00:00Z"
    }
  },
  {
    "model": "l1o.match",
    "pk": 144,
    "fields": {
      "home_team": 33,
      "away_team": 37,
      "division": 2,
      "home_score": 3,
      "away_score": 2,
      "e2e_id": 124,
      "scheduled_time": "2023-05-27T19:00:00Z"
    }
  },
  {
    "model": "l1o.match",
    "pk": 145,
    "fields": {
      "home_team": 27,
      "away_team": 32,
      "division": 2,
      "home_score": 6,
      "away_score": 1,
      "e2e_id": 130,
      "scheduled_time": "2023-05-28T14:30:00Z"
    }
  },
  {
    "model": "l1o.match",
    "pk": 146,
    "fields": {
      "home_team": 38,
      "away_team": 35,
      "division": 2,
      "home_score": 0,
      "away_score": 3,
      "e2e_id": 71,
      "scheduled_time": "2023-05-28T14:30:00Z"
    }
  },
  {
    "model": "l1o.match",
    "pk": 147,
    "fields": {
      "home_team": 42,
      "away_team": 41,
      "division": 2,
      "home_score": 6,
      "away_score": 2,
      "e2e_id": 131,
      "scheduled_time": "2023-05-28T18:00:00Z"
    }
  },
  {
    "model": "l1o.match",
    "pk": 148,
    "fields": {
      "home_team": 23,
      "away_team": 28,
      "division": 2,
      "home_score": 1,
      "away_score": 2,
      "e2e_id": 134,
      "scheduled_time": "2023-05-28T19:00:00Z"
    }
  },
  {
    "model": "l1o.match",
    "pk": 149,
    "fields": {
      "home_team": 36,
      "away_team": 29,
      "division": 2,
      "home_score": 0,
      "away_score": 4,
      "e2e_id": 137,
      "scheduled_time": "2023-05-28T20:30:00Z"
    }
  },
  {
    "model": "l1o.match",
    "pk": 150,
    "fields": {
      "home_team": 31,
      "away_team": 28,
      "division": 2,
      "home_score": 0,
      "away_score": 4,
      "e2e_id": 141,
      "scheduled_time": "2023-05-31T20:00:00Z"
    }
  },
  {
    "model": "l1o.match",
    "pk": 151,
    "fields": {
      "home_team": 32,
      "away_team": 35,
      "division": 2,
      "home_score": 2,
      "away_score": 1,
      "e2e_id": 140,
      "scheduled_time": "2023-05-31T20:00:00Z"
    }
  },
  {
    "model": "l1o.match",
    "pk": 152,
    "fields": {
      "home_team": 32,
      "away_team": 23,
      "division": 2,
      "home_score": 0,
      "away_score": 0,
      "e2e_id": 143,
      "scheduled_time": "2023-06-02T20:00:00Z"
    }
  },
  {
    "model": "l1o.match",
    "pk": 153,
    "fields": {
      "home_team": 30,
      "away_team": 36,
      "division": 2,
      "home_score": 3,
      "away_score": 1,
      "e2e_id": 146,
      "scheduled_time": "2023-06-03T14:00:00Z"
    }
  },
  {
    "model": "l1o.match",
    "pk": 154,
    "fields": {
      "home_team": 28,
      "away_team": 41,
      "division": 2,
      "home_score": 4,
      "away_score": 0,
      "e2e_id": 145,
      "scheduled_time": "2023-06-03T15:00:00Z"
    }
  },
  {
    "model": "l1o.match",
    "pk": 155,
    "fields": {
      "home_team": 29,
      "away_team": 25,
      "division": 2,
      "home_score": 1,
      "away_score": 2,
      "e2e_id": 150,
      "scheduled_time": "2023-06-03T16:00:00Z"
    }
  },
  {
    "model": "l1o.match",
    "pk": 156,
    "fields": {
      "home_team": 27,
      "away_team": 33,
      "division": 2,
      "home_score": 3,
      "away_score": 2,
      "e2e_id": 147,
      "scheduled_time": "2023-06-03T16:00:00Z"
    }
  },
  {
    "model": "l1o.match",
    "pk": 157,
    "fields": {
      "home_team": 40,
      "away_team": 34,
      "division": 2,
      "home_score": 2,
      "away_score": 5,
      "e2e_id": 149,
      "scheduled_time": "2023-06-03T16:00:00Z"
    }
  },
  {
    "model": "l1o.match",
    "pk": 158,
    "fields": {
      "home_team": 26,
      "away_team": 35,
      "division": 2,
      "home_score": 1,
      "away_score": 1,
      "e2e_id": 151,
      "scheduled_time": "2023-06-03T17:00:00Z"
    }
  },
  {
    "model": "l1o.match",
    "pk": 159,
    "fields": {
      "home_team": 3,
      "away_team": 13,
      "division": 1,
      "home_score": 1,
      "away_score": 0,
      "e2e_id": 152,
      "scheduled_time": "2023-06-03T18:00:00Z"
    }
  },
  {
    "model": "l1o.match",
    "pk": 160,
    "fields": {
      "home_team": 22,
      "away_team": 2,
      "division": 1,
      "home_score": 0,
      "away_score": 2,
      "e2e_id": 155,
      "scheduled_time": "2023-06-03T20:30:00Z"
    }
  },
  {
    "model": "l1o.match",
    "pk": 161,
    "fields": {
      "home_team": 5,
      "away_team": 10,
      "division": 1,
      "home_score": 2,
      "away_score": 1,
      "e2e_id": 154,
      "scheduled_time": "2023-06-03T20:00:00Z"
    }
  },
  {
    "model": "l1o.match",
    "pk": 163,
    "fields": {
      "home_team": 4,
      "away_team": 11,
      "division": 1,
      "home_score": 1,
      "away_score": 1,
      "e2e_id": 153,
      "scheduled_time": "2023-06-03T20:00:00Z"
    }
  },
  {
    "model": "l1o.match",
    "pk": 164,
    "fields": {
      "home_team": 31,
      "away_team": 42,
      "division": 2,
      "home_score": 1,
      "away_score": 2,
      "e2e_id": 148,
      "scheduled_time": "2023-06-03T19:00:00Z"
    }
  }
]
